t,minmax_pmse,minmax_se,tmma_pmse,tmma_se
0.0,0.44148647715169614,0.02746830980750795,0.08490124560609541,0.005172256344985781
1.0,0.24466186543004018,0.031463082059837805,0.05027298604726852,0.007026084197596615
2.0,0.17292015860316137,0.008888335808548984,0.036410721725728165,0.0017941748572540869
3.0,0.12525711051464988,0.01314642763721507,0.02669848727407785,0.0028788861331771253
5.0,0.09037416616634854,0.008480069562542675,0.019738650840634656,0.001852278540458211
6.0,0.06678160045833605,0.010146749800649568,0.01476450738075011,0.0022383215590466112
8.0,0.054500423023325195,0.00519084060173828,0.012346126051829597,0.0011865396664314438
9.0,0.04575599331780693,0.0030969871202992045,0.010492022215660056,0.000742098355186051
11.0,0.03571598972613353,0.0026954502377333454,0.008391282720128143,0.0005641581158601456
13.0,0.030416947862969387,0.00210595127101425,0.007321995525185218,0.00046393063277297837
15.0,0.0233948277814941,0.0007657372073631932,0.005770029669588896,0.00017389839616800971
18.0,0.018830486458172008,0.0008119605569765271,0.004816532380859548,0.00020568437329612573
20.0,0.01575044105655599,0.00037019006514788254,0.00412772801331079,0.00012771017597645987
23.0,0.012734699790295536,0.0005121024406372893,0.0034612601501896553,0.00014014424855173576
26.0,0.010519215215786276,0.0006330631752076105,0.0029653332202038947,0.00020077781235576826
29.0,0.009294878180424777,0.0005721580961082186,0.002717709408080918,0.00018743200714020682
32.0,0.007872008357038248,0.0002916697933988409,0.0023875100731232573,8.831097407803545e-05
35.0,0.006933153038617533,0.00015909912151970115,0.002181364457455435,4.79368907338925e-05
39.0,0.0059882045454789055,7.319950443585934e-05,0.0019788481677526725,1.8071684566826542e-05
43.0,0.004947435074968136,0.00034583396732058413,0.0017175241447313003,0.00010216219558097713
47.0,0.0042258660991428545,8.645014792615008e-05,0.0015414993327450704,1.8217185132930797e-05
51.0,0.003936264614682816,9.824062672604355e-05,0.0015091106880920436,3.737466155313262e-05
55.0,0.0034618162360418826,9.042382954356094e-05,0.0013952649905091133,5.584518919186213e-05
59.0,0.003156335115873471,0.00012529258618017395,0.001337689536554728,6.065328881681489e-05
63.0,0.0032903121130411946,0.00013592760464874195,0.001466635769480881,5.889041592093699e-05
68.0,0.002385895525982282,4.940624029838627e-05,0.0011329931275485042,2.2985902852056596e-05
73.0,0.002158301649711643,3.51834443705454e-05,0.0010919963143242565,2.1731178293228545e-05
78.0,0.001991101012990501,7.386063300117356e-05,0.0010731332974542082,4.401952150089072e-05
83.0,0.0019919693874269227,0.000168401677772479,0.0011428786495135425,0.00011470809908820203
88.0,0.0015920487733390816,3.586781355616183e-05,0.0009708797870531048,2.5111013577985084e-05
94.0,0.0015700683920222577,7.168117693305407e-05,0.0010256373053747336,3.90517007565334e-05
99.0,0.001289187357840596,4.054407377121425e-05,0.0008835356823505489,2.2486758475140728e-05
105.0,0.0012327560220735975,3.2103586184043356e-05,0.0008282091869223705,2.040021539810176e-05
111.0,0.0012065012901824794,4.104734278157024e-05,0.0007547052799304126,3.080786672283983e-05
117.0,0.0010326316953213036,1.2000703449342581e-05,0.0006779145335861187,7.442034956509992e-06
124.0,0.0009864490521763597,5.5476014125596704e-05,0.0006008507801242281,2.4836969490968223e-05
130.0,0.0009330049052185428,3.055076709309925e-05,0.0006299586011002773,2.219272581789306e-05
137.0,0.0008163471393072407,2.2891969620141243e-05,0.0005539438454605875,2.023791390116975e-05
143.0,0.0007736145718636205,2.528229795932063e-05,0.0005504026920190936,1.2371710294814575e-05
150.0,0.0006984716975312759,1.5967015837615454e-05,0.0005157279027414175,1.7647029526527364e-05
158.0,0.0007514723742791281,1.624508542868135e-05,0.0004829483849924442,1.9535580353876273e-05
165.0,0.0008427113190958688,0.00014711509979285585,0.0004899571738733224,8.633403117588891e-05
172.0,0.0007220890319023931,2.6247804339136773e-05,0.00045912916137633836,7.615403149945734e-06
180.0,0.0006107601564722654,1.4887298756084289e-05,0.0004286876982177835,5.7888754578295705e-06
188.0,0.0005429776341450449,2.0334476086704767e-05,0.0003923439745373009,1.4328295022206408e-05
195.0,0.0005094962530502109,1.6666678971715225e-05,0.00037583485769254526,1.0875212860847441e-05
204.0,0.0004728409530520026,1.7504971278103685e-05,0.0003738134506321854,2.1802588310168518e-05
212.0,0.00048391675204832046,2.2515873098094356e-05,0.00033402002577650683,2.25099697844255e-05
220.0,0.0005085745834478999,4.1750390247497733e-05,0.00029701301260239173,2.988698703226968e-05
229.0,0.0004034307843998091,1.1190986092254504e-05,0.0003049290380245978,6.2467875826056075e-06
238.0,0.0004282965595548105,1.7958464834374456e-05,0.00031768638378792415,1.4382544743193235e-05
246.0,0.00043855154325806486,3.0605644871628464e-05,0.0003198772174468094,1.4889302914130029e-05
255.0,0.0003876009169785133,1.645157115816549e-05,0.00029333096508804833,1.4400356724237368e-05
265.0,0.0003517016291724458,1.1876440969192669e-05,0.00027779559814130553,1.7571914732537117e-05
274.0,0.0003296161486719263,7.2353759654930276e-06,0.00026312411651470077,1.2566622774954144e-06
284.0,0.0003357685108912319,1.7159193348507157e-05,0.00023825678369125645,1.4589096910341116e-05
293.0,0.00033433404979823193,2.8903197204894742e-05,0.0002606357992577542,3.1957527594453754e-05
303.0,0.0003064181371188008,9.46125128805652e-06,0.00023517179027618258,9.833604286439332e-06
313.0,0.00029229238627455383,8.430729574801011e-06,0.00021451788831109117,5.857070278511456e-06
323.0,0.0002716546473098603,2.2898275394154245e-06,0.00022428299744937786,2.735508915671179e-06
334.0,0.0002502092145437136,3.904563281371885e-06,0.00021188310634420068,2.6013634966063167e-06
344.0,0.00025237102067938386,6.829166906983819e-06,0.00021041243766236532,1.146770584541048e-05
355.0,0.0002355264407432801,1.250310314045579e-05,0.0001967265312866055,8.990815443380323e-06
366.0,0.00021885415097793815,6.8300858511394696e-06,0.00018547442564073645,6.042265381111259e-06
377.0,0.0002536540433807507,1.4550005130279473e-05,0.00018855365027872222,1.3261496780382363e-05
388.0,0.000216193332492973,1.1465596999645428e-05,0.0001871003310610312,1.5754054210785172e-05
399.0,0.0002110805072634094,7.818374167414299e-06,0.0001787858340111071,5.989552776240926e-06
411.0,0.00020502115462282483,1.1562831805292014e-05,0.00017280029615859065,7.497208005928783e-06
423.0,0.00019112473151125447,2.6511376948260185e-06,0.00016602547304339505,1.6535852485782635e-06
434.0,0.00018284964330771942,6.0183762180328765e-06,0.0001671958223044463,3.6408491781380725e-06
446.0,0.00019115923695906548,1.7614340799571327e-05,0.00016793444211168752,6.415818740595889e-06
459.0,0.00018227139148709878,1.0732591970956918e-05,0.00014916314265397615,4.7814563203105534e-06
471.0,0.00016361252414118704,2.6368346264573723e-06,0.00016348660855958856,2.38064582323707e-06
483.0,0.00017651162943266063,7.83557472563959e-06,0.00016337556439412258,5.50698468295542e-06
496.0,0.00019381384133851137,3.191437020971171e-05,0.00016511151320424306,2.5075360203237354e-05
509.0,0.00017459902279826761,9.67686960804214e-06,0.00016096067962493787,8.931312877898653e-06
522.0,0.0001626739378793124,8.157551919590976e-06,0.0001647949576979773,5.183778486734975e-06
535.0,0.00018451782010627416,1.9912309937966688e-05,0.00015290438695900226,1.2516942297679472e-05
548.0,0.00016235287016525338,1.1501057557151252e-05,0.0001629196473991161,1.0010200046913383e-05
562.0,0.0001660633631007298,1.0740129222567744e-05,0.00015993605416889705,6.183534888509662e-06
575.0,0.0001550501315900236,6.590372245090905e-06,0.00015489225376959784,3.1941366242638642e-06
589.0,0.00018425662493544597,8.8331272960339e-06,0.0001489067336315226,6.246236540650044e-06
603.0,0.00015097748107200133,4.218224686015731e-06,0.0001541335431761911,2.7477817549340472e-06
617.0,0.00018811549795861869,3.448359527978675e-05,0.0001583326175823024,3.0293808743141822e-05
632.0,0.0001688429224521078,1.9347303641108333e-05,0.00014642882364458387,7.992065347339758e-06
646.0,0.00016828633090394942,2.1319829220044863e-05,0.00015518496191260097,1.1943689174739235e-05
661.0,0.0001650590396913428,1.212284508147296e-05,0.00015638441479763024,5.132571396719097e-06
675.0,0.00015824947680696824,1.1250946816110568e-05,0.00015113639534054173,9.410869272890302e-06
690.0,0.0001552584716815102,7.011468153746371e-06,0.00014250878160323093,3.1116233470940936e-06
705.0,0.00017808767026174295,5.183636289545663e-06,0.00015451157721255485,1.8891931315455839e-06
721.0,0.0001698687097709657,8.958508017498175e-06,0.00014657725934357656,9.906923216305785e-06
736.0,0.00020812177000620644,2.404123127053541e-05,0.0001522076621532955,1.6586679991504558e-05
752.0,0.00014647318521993755,3.994218087836305e-06,0.00014859501762568223,1.316072592649118e-06
768.0,0.0001873986495405878,1.8321818577098388e-05,0.00015375159496887,1.1776169261524071e-05
783.0,0.00015433640126078912,9.606883768263657e-06,0.00016717982268236008,2.102419705113535e-06
800.0,0.00020985170749436,1.134833072725151e-05,0.0001691492717377287,1.093184619502561e-05
