t,minmax_pmse,tmma_pmse,rel_reduction_pct
0.0,0.44148647715169614,0.08490124560609541,80.76923076923077
1.0,0.24466186543004018,0.05027298604726852,79.45205479452055
2.0,0.17292015860316137,0.036410721725728165,78.94362229375004
3.0,0.12525711051464988,0.02669848727407785,78.68505255759094
5.0,0.09037416616634854,0.019738650840634656,78.15896768076132
6.0,0.06678160045833605,0.01476450738075011,77.89135438591136
8.0,0.054500423023325195,0.012346126051829597,77.34673353536049
9.0,0.04575599331780693,0.010492022215660056,77.06962202134761
11.0,0.03571598972613353,0.008391282720128143,76.50552935961842
13.0,0.030416947862969387,0.007321995525185218,75.92790848650775
15.0,0.0233948277814941,0.005770029669588896,75.3363020088007
18.0,0.018830486458172008,0.004816532380859548,74.42162531722975
20.0,0.01575044105655599,0.00412772801331079,73.79293698196052
23.0,0.012734699790295536,0.0034612601501896553,72.82024541460095
26.0,0.010519215215786276,0.0029653332202038947,71.81031893183635
29.0,0.009294878180424777,0.002717709408080918,70.76121542071981
32.0,0.007872008357038248,0.0023875100731232573,69.67089000879147
35.0,0.006933153038617533,0.002181364457455435,68.5371944726263
39.0,0.0059882045454789055,0.0019788481677526725,66.95423222897917
43.0,0.004947435074968136,0.0017175241447313003,65.28455414359607
47.0,0.0042258660991428545,0.0015414993327450704,63.52228640046741
51.0,0.003936264614682816,0.0015091106880920436,61.66135065049107
55.0,0.0034618162360418826,0.0013952649905091133,59.69557898589066
59.0,0.003156335115873471,0.001337689536554728,57.618900165974885
63.0,0.0032903121130411946,0.001466635769480881,55.42563382762835
68.0,0.002385895525982282,0.0011329931275485042,52.512877650749324
73.0,0.002158301649711643,0.0010919963143242565,49.40483344994194
78.0,0.001991101012990501,0.0010731332974542082,46.10352310340933
83.0,0.0019919693874269227,0.0011428786495135425,42.62569210514687
88.0,0.0015920487733390816,0.0009708797870531048,39.016957061131286
94.0,0.0015700683920222577,0.0010256373053747336,34.67562874419079
99.0,0.001289187357840596,0.0008835356823505489,31.465688289832322
105.0,0.0012327560220735975,0.0008282091869223705,32.81645580369957
111.0,0.0012065012901824794,0.0007547052799304126,37.44679047825421
117.0,0.0010326316953213036,0.0006779145335861187,34.35079160772947
124.0,0.0009864490521763597,0.0006008507801242281,39.08952735079453
130.0,0.0009330049052185428,0.0006299586011002773,32.4806764062276
137.0,0.0008163471393072407,0.0005539438454605875,32.143592010297354
143.0,0.0007736145718636205,0.0005504026920190936,28.85311212621221
150.0,0.0006984716975312759,0.0005157279027414175,26.163378621604856
158.0,0.0007514723742791281,0.0004829483849924442,35.73304867584432
165.0,0.0008427113190958688,0.0004899571738733224,41.85942887310575
172.0,0.0007220890319023931,0.00045912916137633836,36.41654406981767
180.0,0.0006107601564722654,0.0004286876982177835,29.8107950109463
188.0,0.0005429776341450449,0.0003923439745373009,27.742148135609103
195.0,0.0005094962530502109,0.00037583485769254526,26.234029113555284
204.0,0.0004728409530520026,0.0003738134506321854,20.943089167855188
212.0,0.00048391675204832046,0.00033402002577650683,30.975725811791282
220.0,0.0005085745834478999,0.00029701301260239173,41.59892722346029
229.0,0.0004034307843998091,0.0003049290380245978,24.41602133108261
238.0,0.0004282965595548105,0.00031768638378792415,25.82560454883393
246.0,0.00043855154325806486,0.0003198772174468094,27.06051948411951
255.0,0.0003876009169785133,0.00029333096508804833,24.321395476907714
265.0,0.0003517016291724458,0.00027779559814130553,21.013843809891135
274.0,0.0003296161486719263,0.00026312411651470077,20.172565095834067
284.0,0.0003357685108912319,0.00023825678369125645,29.041355587857126
293.0,0.00033433404979823193,0.0002606357992577542,22.043297888729565
303.0,0.0003064181371188008,0.00023517179027618258,23.25134781920413
313.0,0.00029229238627455383,0.00021451788831109117,26.608458384683388
323.0,0.0002716546473098603,0.00022428299744937786,17.438188644882054
334.0,0.0002502092145437136,0.00021188310634420068,15.31762460043895
344.0,0.00025237102067938386,0.00021041243766236532,16.625753188327984
355.0,0.0002355264407432801,0.0001967265312866055,16.473695833991677
366.0,0.00021885415097793815,0.00018547442564073645,15.25204122839168
377.0,0.0002536540433807507,0.00018855365027872222,25.66503266983553
388.0,0.000216193332492973,0.0001871003310610312,13.456937407117966
399.0,0.0002110805072634094,0.0001787858340111071,15.299694733062905
411.0,0.00020502115462282483,0.00017280029615859065,15.715870161550175
423.0,0.00019112473151125447,0.00016602547304339505,13.132396979394285
434.0,0.00018284964330771942,0.0001671958223044463,8.561034476249512
446.0,0.00019115923695906548,0.00016793444211168752,12.149449441646013
459.0,0.00018227139148709878,0.00014916314265397615,18.164259658634382
471.0,0.00016361252414118704,0.00016348660855958856,0.07695962290137738
483.0,0.00017651162943266063,0.00016337556439412258,7.442039417323191
496.0,0.00019381384133851137,0.00016511151320424306,14.809225149269606
509.0,0.00017459902279826761,0.00016096067962493787,7.8112368298232315
522.0,0.0001626739378793124,0.0001647949576979773,-1.3038473441507688
535.0,0.00018451782010627416,0.00015290438695900226,17.132997305660748
548.0,0.00016235287016525338,0.0001629196473991161,-0.3491020721012264
562.0,0.0001660633631007298,0.00015993605416889705,3.689741564559358
575.0,0.0001550501315900236,0.00015489225376959784,0.10182372553104921
589.0,0.00018425662493544597,0.0001489067336315226,19.185139919016827
603.0,0.00015097748107200133,0.0001541335431761911,-2.090419102094202
617.0,0.00018811549795861869,0.0001583326175823024,15.832231102441053
632.0,0.0001688429224521078,0.00014642882364458387,13.275118957906976
646.0,0.00016828633090394942,0.00015518496191260097,7.785165272173021
661.0,0.0001650590396913428,0.00015638441479763024,5.255467928284291
675.0,0.00015824947680696824,0.00015113639534054173,4.494853069942851
690.0,0.0001552584716815102,0.00014250878160323093,8.211912651332398
705.0,0.00017808767026174295,0.00015451157721255485,13.238475754406423
721.0,0.0001698687097709657,0.00014657725934357656,13.711442477424507
736.0,0.00020812177000620644,0.0001522076621532955,26.86605435425785
752.0,0.00014647318521993755,0.00014859501762568223,-1.4486149137527315
768.0,0.0001873986495405878,0.00015375159496887,17.954800984000865
783.0,0.00015433640126078912,0.00016717982268236008,-8.321705907777947
800.0,0.00020985170749436,0.0001691492717377287,19.395808708263772
